algoritmo,n,tipo,dominio,muestra,repeticion,tiempo_ms,memoria_pico_kb,memoria_algoritmo_kb,estado
sort,10,aleatorio,D1,a,1,0.000016,1388,0,ok
sort,10,aleatorio,D1,a,2,0.000015,1472,0,ok
sort,10,aleatorio,D1,a,3,0.000016,1472,0,ok
mergesort,10,aleatorio,D1,a,1,0.000034,1392,0,ok
mergesort,10,aleatorio,D1,a,2,0.000034,1472,0,ok
mergesort,10,aleatorio,D1,a,3,0.000034,1472,0,ok
quicksort,10,aleatorio,D1,a,1,0.000063,1388,0,ok
quicksort,10,aleatorio,D1,a,2,0.000059,1468,0,ok
quicksort,10,aleatorio,D1,a,3,0.000060,1468,0,ok
patiencesort,10,aleatorio,D1,a,1,0.000548,1412,0,ok
patiencesort,10,aleatorio,D1,a,2,0.000541,1496,0,ok
patiencesort,10,aleatorio,D1,a,3,0.000527,1496,0,ok
sort,10,aleatorio,D1,b,1,0.000012,1416,0,ok
sort,10,aleatorio,D1,b,2,0.000012,1500,0,ok
sort,10,aleatorio,D1,b,3,0.000012,1500,0,ok
mergesort,10,aleatorio,D1,b,1,0.000033,1396,0,ok
mergesort,10,aleatorio,D1,b,2,0.000034,1476,0,ok
mergesort,10,aleatorio,D1,b,3,0.000036,1476,0,ok
quicksort,10,aleatorio,D1,b,1,0.000093,1392,0,ok
quicksort,10,aleatorio,D1,b,2,0.000115,1472,0,ok
quicksort,10,aleatorio,D1,b,3,0.000098,1472,0,ok
patiencesort,10,aleatorio,D1,b,1,0.000738,1384,0,ok
patiencesort,10,aleatorio,D1,b,2,0.000668,1472,0,ok
patiencesort,10,aleatorio,D1,b,3,0.000652,1472,0,ok
sort,10,aleatorio,D1,c,1,0.000012,1392,0,ok
sort,10,aleatorio,D1,c,2,0.000012,1472,0,ok
sort,10,aleatorio,D1,c,3,0.000013,1472,0,ok
mergesort,10,aleatorio,D1,c,1,0.000036,1388,0,ok
mergesort,10,aleatorio,D1,c,2,0.000041,1468,0,ok
mergesort,10,aleatorio,D1,c,3,0.000034,1468,0,ok
quicksort,10,aleatorio,D1,c,1,0.000090,1388,0,ok
quicksort,10,aleatorio,D1,c,2,0.000086,1472,0,ok
quicksort,10,aleatorio,D1,c,3,0.000082,1472,0,ok
patiencesort,10,aleatorio,D1,c,1,0.000755,1392,0,ok
patiencesort,10,aleatorio,D1,c,2,0.000648,1480,0,ok
patiencesort,10,aleatorio,D1,c,3,0.000646,1480,0,ok
sort,10,aleatorio,D7,a,1,0.000017,1388,0,ok
sort,10,aleatorio,D7,a,2,0.000017,1468,0,ok
sort,10,aleatorio,D7,a,3,0.000016,1468,0,ok
mergesort,10,aleatorio,D7,a,1,0.000039,1388,0,ok
mergesort,10,aleatorio,D7,a,2,0.000038,1468,0,ok
mergesort,10,aleatorio,D7,a,3,0.000039,1468,0,ok
quicksort,10,aleatorio,D7,a,1,0.000114,1392,0,ok
quicksort,10,aleatorio,D7,a,2,0.000110,1472,0,ok
quicksort,10,aleatorio,D7,a,3,0.000110,1472,0,ok
patiencesort,10,aleatorio,D7,a,1,0.000595,1384,0,ok
patiencesort,10,aleatorio,D7,a,2,0.000554,1464,0,ok
patiencesort,10,aleatorio,D7,a,3,0.000556,1464,0,ok
sort,10,aleatorio,D7,b,1,0.000024,1420,0,ok
sort,10,aleatorio,D7,b,2,0.000024,1500,0,ok
sort,10,aleatorio,D7,b,3,0.000024,1500,0,ok
mergesort,10,aleatorio,D7,b,1,0.000044,1392,0,ok
mergesort,10,aleatorio,D7,b,2,0.000042,1472,0,ok
mergesort,10,aleatorio,D7,b,3,0.000041,1472,0,ok
quicksort,10,aleatorio,D7,b,1,0.000112,1388,0,ok
quicksort,10,aleatorio,D7,b,2,0.000109,1468,0,ok
quicksort,10,aleatorio,D7,b,3,0.000108,1468,0,ok
patiencesort,10,aleatorio,D7,b,1,0.000537,1384,0,ok
patiencesort,10,aleatorio,D7,b,2,0.000551,1468,0,ok
patiencesort,10,aleatorio,D7,b,3,0.000495,1468,0,ok
sort,10,aleatorio,D7,c,1,0.000017,1396,0,ok
sort,10,aleatorio,D7,c,2,0.000017,1476,0,ok
sort,10,aleatorio,D7,c,3,0.000016,1476,0,ok
mergesort,10,aleatorio,D7,c,1,0.000038,1392,0,ok
mergesort,10,aleatorio,D7,c,2,0.000039,1472,0,ok
mergesort,10,aleatorio,D7,c,3,0.000040,1472,0,ok
quicksort,10,aleatorio,D7,c,1,0.000107,1388,0,ok
quicksort,10,aleatorio,D7,c,2,0.000108,1468,0,ok
quicksort,10,aleatorio,D7,c,3,0.000106,1468,0,ok
patiencesort,10,aleatorio,D7,c,1,0.000553,1392,0,ok
patiencesort,10,aleatorio,D7,c,2,0.000512,1472,0,ok
patiencesort,10,aleatorio,D7,c,3,0.000512,1472,0,ok
sort,10,ascendente,D1,a,1,0.000011,1384,0,ok
sort,10,ascendente,D1,a,2,0.000010,1468,0,ok
sort,10,ascendente,D1,a,3,0.000010,1468,0,ok
mergesort,10,ascendente,D1,a,1,0.000030,1396,0,ok
mergesort,10,ascendente,D1,a,2,0.000028,1476,0,ok
mergesort,10,ascendente,D1,a,3,0.000029,1476,0,ok
quicksort,10,ascendente,D1,a,1,0.000078,1388,0,ok
quicksort,10,ascendente,D1,a,2,0.000075,1468,0,ok
quicksort,10,ascendente,D1,a,3,0.000074,1468,0,ok
patiencesort,10,ascendente,D1,a,1,0.000705,1388,0,ok
patiencesort,10,ascendente,D1,a,2,0.000643,1476,0,ok
patiencesort,10,ascendente,D1,a,3,0.000632,1476,0,ok
sort,10,ascendente,D1,b,1,0.000010,1412,0,ok
sort,10,ascendente,D1,b,2,0.000011,1492,0,ok
sort,10,ascendente,D1,b,3,0.000011,1492,0,ok
mergesort,10,ascendente,D1,b,1,0.000030,1396,0,ok
mergesort,10,ascendente,D1,b,2,0.000028,1476,0,ok
mergesort,10,ascendente,D1,b,3,0.000028,1476,0,ok
quicksort,10,ascendente,D1,b,1,0.000053,1384,0,ok
quicksort,10,ascendente,D1,b,2,0.000060,1468,0,ok
quicksort,10,ascendente,D1,b,3,0.000052,1468,0,ok
patiencesort,10,ascendente,D1,b,1,0.000752,1388,0,ok
patiencesort,10,ascendente,D1,b,2,0.000688,1476,0,ok
patiencesort,10,ascendente,D1,b,3,0.000645,1476,0,ok
sort,10,ascendente,D1,c,1,0.000011,1392,0,ok
sort,10,ascendente,D1,c,2,0.000011,1472,0,ok
sort,10,ascendente,D1,c,3,0.000010,1472,0,ok
mergesort,10,ascendente,D1,c,1,0.000033,1384,0,ok
mergesort,10,ascendente,D1,c,2,0.000031,1464,0,ok
mergesort,10,ascendente,D1,c,3,0.000031,1464,0,ok
quicksort,10,ascendente,D1,c,1,0.000061,1388,0,ok
quicksort,10,ascendente,D1,c,2,0.000059,1468,0,ok
quicksort,10,ascendente,D1,c,3,0.000059,1468,0,ok
patiencesort,10,ascendente,D1,c,1,0.000726,1388,0,ok
patiencesort,10,ascendente,D1,c,2,0.000694,1476,0,ok
patiencesort,10,ascendente,D1,c,3,0.000653,1476,0,ok
sort,10,ascendente,D7,a,1,0.000011,1396,0,ok
sort,10,ascendente,D7,a,2,0.000010,1476,0,ok
sort,10,ascendente,D7,a,3,0.000010,1476,0,ok
mergesort,10,ascendente,D7,a,1,0.000029,1392,0,ok
mergesort,10,ascendente,D7,a,2,0.000030,1472,0,ok
mergesort,10,ascendente,D7,a,3,0.000029,1472,0,ok
quicksort,10,ascendente,D7,a,1,0.000110,1384,0,ok
quicksort,10,ascendente,D7,a,2,0.000105,1464,0,ok
quicksort,10,ascendente,D7,a,3,0.000102,1464,0,ok
patiencesort,10,ascendente,D7,a,1,0.000961,1396,0,ok
patiencesort,10,ascendente,D7,a,2,0.000746,1492,0,ok
patiencesort,10,ascendente,D7,a,3,0.000784,1492,0,ok
sort,10,ascendente,D7,b,1,0.000009,1388,0,ok
sort,10,ascendente,D7,b,2,0.000013,1468,0,ok
sort,10,ascendente,D7,b,3,0.000011,1468,0,ok
mergesort,10,ascendente,D7,b,1,0.000028,1392,0,ok
mergesort,10,ascendente,D7,b,2,0.000029,1472,0,ok
mergesort,10,ascendente,D7,b,3,0.000029,1472,0,ok
quicksort,10,ascendente,D7,b,1,0.000101,1388,0,ok
quicksort,10,ascendente,D7,b,2,0.000098,1468,0,ok
quicksort,10,ascendente,D7,b,3,0.000098,1468,0,ok
patiencesort,10,ascendente,D7,b,1,0.000877,1392,0,ok
patiencesort,10,ascendente,D7,b,2,0.000720,1488,0,ok
patiencesort,10,ascendente,D7,b,3,0.000727,1488,0,ok
sort,10,ascendente,D7,c,1,0.000010,1388,0,ok
sort,10,ascendente,D7,c,2,0.000010,1468,0,ok
sort,10,ascendente,D7,c,3,0.000010,1468,0,ok
mergesort,10,ascendente,D7,c,1,0.000028,1424,0,ok
mergesort,10,ascendente,D7,c,2,0.000029,1504,0,ok
mergesort,10,ascendente,D7,c,3,0.000029,1504,0,ok
quicksort,10,ascendente,D7,c,1,0.000101,1392,0,ok
quicksort,10,ascendente,D7,c,2,0.000101,1472,0,ok
quicksort,10,ascendente,D7,c,3,0.000097,1472,0,ok
patiencesort,10,ascendente,D7,c,1,0.000842,1388,0,ok
patiencesort,10,ascendente,D7,c,2,0.000744,1484,0,ok
patiencesort,10,ascendente,D7,c,3,0.000727,1484,0,ok
sort,10,descendente,D1,a,1,0.000027,1420,0,ok
sort,10,descendente,D1,a,2,0.000027,1500,0,ok
sort,10,descendente,D1,a,3,0.000027,1500,0,ok
mergesort,10,descendente,D1,a,1,0.000042,1388,0,ok
mergesort,10,descendente,D1,a,2,0.000043,1468,0,ok
mergesort,10,descendente,D1,a,3,0.000043,1468,0,ok
quicksort,10,descendente,D1,a,1,0.000073,1388,0,ok
quicksort,10,descendente,D1,a,2,0.000070,1468,0,ok
quicksort,10,descendente,D1,a,3,0.000069,1468,0,ok
patiencesort,10,descendente,D1,a,1,0.000230,1384,0,ok
patiencesort,10,descendente,D1,a,2,0.000248,1464,0,ok
patiencesort,10,descendente,D1,a,3,0.000239,1464,0,ok
sort,10,descendente,D1,b,1,0.000028,1388,0,ok
sort,10,descendente,D1,b,2,0.000028,1468,0,ok
sort,10,descendente,D1,b,3,0.000028,1468,0,ok
mergesort,10,descendente,D1,b,1,0.000041,1392,0,ok
mergesort,10,descendente,D1,b,2,0.000041,1472,0,ok
mergesort,10,descendente,D1,b,3,0.000042,1472,0,ok
quicksort,10,descendente,D1,b,1,0.000078,1416,0,ok
quicksort,10,descendente,D1,b,2,0.000075,1496,0,ok
quicksort,10,descendente,D1,b,3,0.000074,1496,0,ok
patiencesort,10,descendente,D1,b,1,0.000296,1396,0,ok
patiencesort,10,descendente,D1,b,2,0.000241,1476,0,ok
patiencesort,10,descendente,D1,b,3,0.000245,1476,0,ok
sort,10,descendente,D1,c,1,0.000024,1392,0,ok
sort,10,descendente,D1,c,2,0.000026,1472,0,ok
sort,10,descendente,D1,c,3,0.000024,1472,0,ok
mergesort,10,descendente,D1,c,1,0.000042,1384,0,ok
mergesort,10,descendente,D1,c,2,0.000041,1464,0,ok
mergesort,10,descendente,D1,c,3,0.000042,1464,0,ok
quicksort,10,descendente,D1,c,1,0.000067,1396,0,ok
quicksort,10,descendente,D1,c,2,0.000065,1476,0,ok
quicksort,10,descendente,D1,c,3,0.000064,1476,0,ok
patiencesort,10,descendente,D1,c,1,0.000272,1380,0,ok
patiencesort,10,descendente,D1,c,2,0.000256,1464,0,ok
patiencesort,10,descendente,D1,c,3,0.000254,1464,0,ok
sort,10,descendente,D7,a,1,0.000039,1388,0,ok
sort,10,descendente,D7,a,2,0.000039,1468,0,ok
sort,10,descendente,D7,a,3,0.000043,1468,0,ok
mergesort,10,descendente,D7,a,1,0.000050,1392,0,ok
mergesort,10,descendente,D7,a,2,0.000044,1472,0,ok
mergesort,10,descendente,D7,a,3,0.000044,1472,0,ok
quicksort,10,descendente,D7,a,1,0.000114,1388,0,ok
quicksort,10,descendente,D7,a,2,0.000111,1468,0,ok
quicksort,10,descendente,D7,a,3,0.000110,1468,0,ok
patiencesort,10,descendente,D7,a,1,0.000251,1392,0,ok
patiencesort,10,descendente,D7,a,2,0.000254,1472,0,ok
patiencesort,10,descendente,D7,a,3,0.000261,1472,0,ok
sort,10,descendente,D7,b,1,0.000039,1392,0,ok
sort,10,descendente,D7,b,2,0.000039,1472,0,ok
sort,10,descendente,D7,b,3,0.000040,1472,0,ok
mergesort,10,descendente,D7,b,1,0.000047,1392,0,ok
mergesort,10,descendente,D7,b,2,0.000044,1472,0,ok
mergesort,10,descendente,D7,b,3,0.000043,1472,0,ok
quicksort,10,descendente,D7,b,1,0.000115,1388,0,ok
quicksort,10,descendente,D7,b,2,0.000116,1468,0,ok
quicksort,10,descendente,D7,b,3,0.000111,1468,0,ok
patiencesort,10,descendente,D7,b,1,0.000249,1392,0,ok
patiencesort,10,descendente,D7,b,2,0.000246,1472,0,ok
patiencesort,10,descendente,D7,b,3,0.000253,1472,0,ok
sort,10,descendente,D7,c,1,0.000039,1380,0,ok
sort,10,descendente,D7,c,2,0.000040,1464,0,ok
sort,10,descendente,D7,c,3,0.000039,1464,0,ok
mergesort,10,descendente,D7,c,1,0.000045,1396,0,ok
mergesort,10,descendente,D7,c,2,0.000047,1476,0,ok
mergesort,10,descendente,D7,c,3,0.000049,1476,0,ok
quicksort,10,descendente,D7,c,1,0.000107,1384,0,ok
quicksort,10,descendente,D7,c,2,0.000105,1464,0,ok
quicksort,10,descendente,D7,c,3,0.000131,1464,0,ok
patiencesort,10,descendente,D7,c,1,0.000255,1392,0,ok
patiencesort,10,descendente,D7,c,2,0.000251,1472,0,ok
patiencesort,10,descendente,D7,c,3,0.000250,1472,0,ok
sort,1000,aleatorio,D1,a,1,0.004428,9436,0,ok
sort,1000,aleatorio,D1,a,2,0.004560,10040,0,ok
sort,1000,aleatorio,D1,a,3,0.004562,10104,0,ok
mergesort,1000,aleatorio,D1,a,1,0.007155,9472,3,ok
mergesort,1000,aleatorio,D1,a,2,0.007139,10088,3,ok
mergesort,1000,aleatorio,D1,a,3,0.006962,10152,3,ok
quicksort,1000,aleatorio,D1,a,1,0.011098,9436,0,ok
quicksort,1000,aleatorio,D1,a,2,0.011466,10040,0,ok
quicksort,1000,aleatorio,D1,a,3,0.011648,10104,0,ok
patiencesort,1000,aleatorio,D1,a,1,0.017250,9436,5,ok
patiencesort,1000,aleatorio,D1,a,2,0.016956,10324,5,ok
patiencesort,1000,aleatorio,D1,a,3,0.018201,10324,5,ok
sort,1000,aleatorio,D1,b,1,0.005228,9444,0,ok
sort,1000,aleatorio,D1,b,2,0.004871,10044,0,ok
sort,1000,aleatorio,D1,b,3,0.004822,10108,0,ok
mergesort,1000,aleatorio,D1,b,1,0.008287,9436,3,ok
mergesort,1000,aleatorio,D1,b,2,0.008306,10040,3,ok
mergesort,1000,aleatorio,D1,b,3,0.008547,10104,3,ok
quicksort,1000,aleatorio,D1,b,1,0.013397,9436,0,ok
quicksort,1000,aleatorio,D1,b,2,0.013591,10040,0,ok
quicksort,1000,aleatorio,D1,b,3,0.013243,10104,0,ok
patiencesort,1000,aleatorio,D1,b,1,0.019662,9440,5,ok
patiencesort,1000,aleatorio,D1,b,2,0.019464,10332,5,ok
patiencesort,1000,aleatorio,D1,b,3,0.022662,10332,5,ok
sort,1000,aleatorio,D1,c,1,0.005476,9436,0,ok
sort,1000,aleatorio,D1,c,2,0.005365,10040,0,ok
sort,1000,aleatorio,D1,c,3,0.005760,10104,0,ok
mergesort,1000,aleatorio,D1,c,1,0.009608,9444,3,ok
mergesort,1000,aleatorio,D1,c,2,0.009312,10044,3,ok
mergesort,1000,aleatorio,D1,c,3,0.009463,10108,3,ok
quicksort,1000,aleatorio,D1,c,1,0.015624,9436,0,ok
quicksort,1000,aleatorio,D1,c,2,0.019104,10040,0,ok
quicksort,1000,aleatorio,D1,c,3,0.016188,10104,0,ok
patiencesort,1000,aleatorio,D1,c,1,0.029085,9432,5,ok
patiencesort,1000,aleatorio,D1,c,2,0.025223,10324,5,ok
patiencesort,1000,aleatorio,D1,c,3,0.024450,10324,5,ok
sort,1000,aleatorio,D7,a,1,0.009704,9476,0,ok
sort,1000,aleatorio,D7,a,2,0.008604,10060,0,ok
sort,1000,aleatorio,D7,a,3,0.008580,10124,0,ok
mergesort,1000,aleatorio,D7,a,1,0.010788,9444,3,ok
mergesort,1000,aleatorio,D7,a,2,0.010806,10296,3,ok
mergesort,1000,aleatorio,D7,a,3,0.010081,10300,3,ok
quicksort,1000,aleatorio,D7,a,1,0.061042,9448,0,ok
quicksort,1000,aleatorio,D7,a,2,0.056811,10300,0,ok
quicksort,1000,aleatorio,D7,a,3,0.057704,10304,0,ok
patiencesort,1000,aleatorio,D7,a,1,0.040533,9464,8,ok
patiencesort,1000,aleatorio,D7,a,2,0.038752,10356,8,ok
patiencesort,1000,aleatorio,D7,a,3,0.039169,10356,8,ok
sort,1000,aleatorio,D7,b,1,0.008197,9444,0,ok
sort,1000,aleatorio,D7,b,2,0.007724,10296,0,ok
sort,1000,aleatorio,D7,b,3,0.007438,10300,0,ok
mergesort,1000,aleatorio,D7,b,1,0.009903,9448,3,ok
mergesort,1000,aleatorio,D7,b,2,0.009925,10300,3,ok
mergesort,1000,aleatorio,D7,b,3,0.009884,10304,3,ok
quicksort,1000,aleatorio,D7,b,1,0.051663,9488,0,ok
quicksort,1000,aleatorio,D7,b,2,0.049593,10072,0,ok
quicksort,1000,aleatorio,D7,b,3,0.052427,10136,0,ok
patiencesort,1000,aleatorio,D7,b,1,0.036702,9496,8,ok
patiencesort,1000,aleatorio,D7,b,2,0.035470,10388,8,ok
patiencesort,1000,aleatorio,D7,b,3,0.039587,10388,8,ok
sort,1000,aleatorio,D7,c,1,0.007354,9444,0,ok
sort,1000,aleatorio,D7,c,2,0.007329,10300,0,ok
sort,1000,aleatorio,D7,c,3,0.007372,10304,0,ok
mergesort,1000,aleatorio,D7,c,1,0.009419,9452,3,ok
mergesort,1000,aleatorio,D7,c,2,0.009883,10304,3,ok
mergesort,1000,aleatorio,D7,c,3,0.009091,10308,3,ok
quicksort,1000,aleatorio,D7,c,1,0.049474,9444,0,ok
quicksort,1000,aleatorio,D7,c,2,0.048379,10300,0,ok
quicksort,1000,aleatorio,D7,c,3,0.047928,10304,0,ok
patiencesort,1000,aleatorio,D7,c,1,0.034327,9452,8,ok
patiencesort,1000,aleatorio,D7,c,2,0.031673,10344,8,ok
patiencesort,1000,aleatorio,D7,c,3,0.031252,10436,8,ok
sort,1000,ascendente,D1,a,1,0.003464,9440,0,ok
sort,1000,ascendente,D1,a,2,0.003543,10060,0,ok
sort,1000,ascendente,D1,a,3,0.003368,10124,0,ok
mergesort,1000,ascendente,D1,a,1,0.001037,9440,3,ok
mergesort,1000,ascendente,D1,a,2,0.001060,10056,3,ok
mergesort,1000,ascendente,D1,a,3,0.001057,10124,3,ok
quicksort,1000,ascendente,D1,a,1,0.003444,9468,0,ok
quicksort,1000,ascendente,D1,a,2,0.003389,10084,0,ok
quicksort,1000,ascendente,D1,a,3,0.003206,10148,0,ok
patiencesort,1000,ascendente,D1,a,1,0.014744,9460,5,ok
patiencesort,1000,ascendente,D1,a,2,0.014058,10340,5,ok
patiencesort,1000,ascendente,D1,a,3,0.014314,10340,5,ok
sort,1000,ascendente,D1,b,1,0.003579,9444,0,ok
sort,1000,ascendente,D1,b,2,0.003476,10064,0,ok
sort,1000,ascendente,D1,b,3,0.003538,10128,0,ok
mergesort,1000,ascendente,D1,b,1,0.001076,9432,3,ok
mergesort,1000,ascendente,D1,b,2,0.001081,10052,3,ok
mergesort,1000,ascendente,D1,b,3,0.001034,10120,3,ok
quicksort,1000,ascendente,D1,b,1,0.003416,9440,0,ok
quicksort,1000,ascendente,D1,b,2,0.003274,10056,0,ok
quicksort,1000,ascendente,D1,b,3,0.003264,10124,0,ok
patiencesort,1000,ascendente,D1,b,1,0.015205,9456,5,ok
patiencesort,1000,ascendente,D1,b,2,0.014323,10332,5,ok
patiencesort,1000,ascendente,D1,b,3,0.014289,10332,5,ok
sort,1000,ascendente,D1,c,1,0.003584,9440,0,ok
sort,1000,ascendente,D1,c,2,0.003649,10060,0,ok
sort,1000,ascendente,D1,c,3,0.003681,10124,0,ok
mergesort,1000,ascendente,D1,c,1,0.001103,9468,3,ok
mergesort,1000,ascendente,D1,c,2,0.001085,10088,3,ok
mergesort,1000,ascendente,D1,c,3,0.001042,10152,3,ok
quicksort,1000,ascendente,D1,c,1,0.003469,9436,0,ok
quicksort,1000,ascendente,D1,c,2,0.003437,10052,0,ok
quicksort,1000,ascendente,D1,c,3,0.003440,10124,0,ok
patiencesort,1000,ascendente,D1,c,1,0.015900,9440,5,ok
patiencesort,1000,ascendente,D1,c,2,0.014867,10316,5,ok
patiencesort,1000,ascendente,D1,c,3,0.014800,10316,5,ok
sort,1000,ascendente,D7,a,1,0.004314,9444,0,ok
sort,1000,ascendente,D7,a,2,0.004266,10308,0,ok
sort,1000,ascendente,D7,a,3,0.004293,10308,0,ok
mergesort,1000,ascendente,D7,a,1,0.001041,9452,3,ok
mergesort,1000,ascendente,D7,a,2,0.001105,10316,3,ok
mergesort,1000,ascendente,D7,a,3,0.001034,10316,3,ok
quicksort,1000,ascendente,D7,a,1,0.027851,9452,0,ok
quicksort,1000,ascendente,D7,a,2,0.027969,10316,0,ok
quicksort,1000,ascendente,D7,a,3,0.027370,10316,0,ok
patiencesort,1000,ascendente,D7,a,1,0.083295,9808,55,ok
patiencesort,1000,ascendente,D7,a,2,0.075797,10700,55,ok
patiencesort,1000,ascendente,D7,a,3,0.074211,10700,55,ok
sort,1000,ascendente,D7,b,1,0.004480,9452,0,ok
sort,1000,ascendente,D7,b,2,0.004475,10312,0,ok
sort,1000,ascendente,D7,b,3,0.004445,10312,0,ok
mergesort,1000,ascendente,D7,b,1,0.001077,9452,3,ok
mergesort,1000,ascendente,D7,b,2,0.001089,10320,3,ok
mergesort,1000,ascendente,D7,b,3,0.001049,10320,3,ok
quicksort,1000,ascendente,D7,b,1,0.028108,9448,0,ok
quicksort,1000,ascendente,D7,b,2,0.027815,10308,0,ok
quicksort,1000,ascendente,D7,b,3,0.027625,10308,0,ok
patiencesort,1000,ascendente,D7,b,1,0.072850,9804,55,ok
patiencesort,1000,ascendente,D7,b,2,0.069171,10696,55,ok
patiencesort,1000,ascendente,D7,b,3,0.069908,10696,55,ok
sort,1000,ascendente,D7,c,1,0.004349,9440,0,ok
sort,1000,ascendente,D7,c,2,0.004411,10308,0,ok
sort,1000,ascendente,D7,c,3,0.004168,10308,0,ok
mergesort,1000,ascendente,D7,c,1,0.001047,9484,3,ok
mergesort,1000,ascendente,D7,c,2,0.001027,10064,3,ok
mergesort,1000,ascendente,D7,c,3,0.001014,10132,3,ok
quicksort,1000,ascendente,D7,c,1,0.026095,9484,0,ok
quicksort,1000,ascendente,D7,c,2,0.025851,10064,0,ok
quicksort,1000,ascendente,D7,c,3,0.025946,10132,0,ok
patiencesort,1000,ascendente,D7,c,1,0.073261,9808,55,ok
patiencesort,1000,ascendente,D7,c,2,0.097382,10704,55,ok
patiencesort,1000,ascendente,D7,c,3,0.084921,10704,55,ok
sort,1000,descendente,D1,a,1,0.003942,9440,0,ok
sort,1000,descendente,D1,a,2,0.003821,10060,0,ok
sort,1000,descendente,D1,a,3,0.003832,10124,0,ok
mergesort,1000,descendente,D1,a,1,0.004687,9468,3,ok
mergesort,1000,descendente,D1,a,2,0.004798,10084,3,ok
mergesort,1000,descendente,D1,a,3,0.004828,10152,3,ok
quicksort,1000,descendente,D1,a,1,0.003218,9440,0,ok
quicksort,1000,descendente,D1,a,2,0.003231,10060,0,ok
quicksort,1000,descendente,D1,a,3,0.003209,10124,0,ok
patiencesort,1000,descendente,D1,a,1,0.005674,9440,6,ok
patiencesort,1000,descendente,D1,a,2,0.005208,10060,6,ok
patiencesort,1000,descendente,D1,a,3,0.005039,10660,6,ok
sort,1000,descendente,D1,b,1,0.003900,9440,0,ok
sort,1000,descendente,D1,b,2,0.003845,10060,0,ok
sort,1000,descendente,D1,b,3,0.003820,10124,0,ok
mergesort,1000,descendente,D1,b,1,0.004629,9444,3,ok
mergesort,1000,descendente,D1,b,2,0.004583,10060,3,ok
mergesort,1000,descendente,D1,b,3,0.004525,10128,3,ok
quicksort,1000,descendente,D1,b,1,0.003055,9440,0,ok
quicksort,1000,descendente,D1,b,2,0.003066,10060,0,ok
quicksort,1000,descendente,D1,b,3,0.003164,10124,0,ok
patiencesort,1000,descendente,D1,b,1,0.005295,9432,6,ok
patiencesort,1000,descendente,D1,b,2,0.004720,10056,6,ok
patiencesort,1000,descendente,D1,b,3,0.004678,10656,6,ok
sort,1000,descendente,D1,c,1,0.003774,9436,0,ok
sort,1000,descendente,D1,c,2,0.003764,10052,0,ok
sort,1000,descendente,D1,c,3,0.003782,10120,0,ok
mergesort,1000,descendente,D1,c,1,0.004455,9440,3,ok
mergesort,1000,descendente,D1,c,2,0.004402,10056,3,ok
mergesort,1000,descendente,D1,c,3,0.004467,10120,3,ok
quicksort,1000,descendente,D1,c,1,0.002974,9444,0,ok
quicksort,1000,descendente,D1,c,2,0.002939,10060,0,ok
quicksort,1000,descendente,D1,c,3,0.002896,10124,0,ok
patiencesort,1000,descendente,D1,c,1,0.004882,9444,6,ok
patiencesort,1000,descendente,D1,c,2,0.004294,10064,6,ok
patiencesort,1000,descendente,D1,c,3,0.004335,10660,6,ok
sort,1000,descendente,D7,a,1,0.003226,9444,0,ok
sort,1000,descendente,D7,a,2,0.003078,10308,0,ok
sort,1000,descendente,D7,a,3,0.003250,10308,0,ok
mergesort,1000,descendente,D7,a,1,0.009366,9452,3,ok
mergesort,1000,descendente,D7,a,2,0.009436,10316,3,ok
mergesort,1000,descendente,D7,a,3,0.009253,10316,3,ok
quicksort,1000,descendente,D7,a,1,0.027258,9452,0,ok
quicksort,1000,descendente,D7,a,2,0.027026,10316,0,ok
quicksort,1000,descendente,D7,a,3,0.026926,10316,0,ok
patiencesort,1000,descendente,D7,a,1,0.004769,9460,6,ok
patiencesort,1000,descendente,D7,a,2,0.004371,10328,6,ok
patiencesort,1000,descendente,D7,a,3,0.004355,10328,6,ok
sort,1000,descendente,D7,b,1,0.003075,9448,0,ok
sort,1000,descendente,D7,b,2,0.003041,10312,0,ok
sort,1000,descendente,D7,b,3,0.003029,10312,0,ok
mergesort,1000,descendente,D7,b,1,0.009485,9448,3,ok
mergesort,1000,descendente,D7,b,2,0.009099,10308,3,ok
mergesort,1000,descendente,D7,b,3,0.009223,10308,3,ok
quicksort,1000,descendente,D7,b,1,0.025559,9448,0,ok
quicksort,1000,descendente,D7,b,2,0.025567,10308,0,ok
quicksort,1000,descendente,D7,b,3,0.025869,10308,0,ok
patiencesort,1000,descendente,D7,b,1,0.004439,9456,6,ok
patiencesort,1000,descendente,D7,b,2,0.004058,10324,6,ok
patiencesort,1000,descendente,D7,b,3,0.004241,10324,6,ok
sort,1000,descendente,D7,c,1,0.003036,9448,0,ok
sort,1000,descendente,D7,c,2,0.002991,10316,0,ok
sort,1000,descendente,D7,c,3,0.002987,10316,0,ok
mergesort,1000,descendente,D7,c,1,0.008520,9472,3,ok
mergesort,1000,descendente,D7,c,2,0.008837,10056,3,ok
mergesort,1000,descendente,D7,c,3,0.008662,10120,3,ok
quicksort,1000,descendente,D7,c,1,0.025583,9452,0,ok
quicksort,1000,descendente,D7,c,2,0.024949,10312,0,ok
quicksort,1000,descendente,D7,c,3,0.025334,10312,0,ok
patiencesort,1000,descendente,D7,c,1,0.004483,9460,6,ok
patiencesort,1000,descendente,D7,c,2,0.004017,10324,6,ok
patiencesort,1000,descendente,D7,c,3,0.004204,10324,6,ok
sort,100000,aleatorio,D1,a,1,1.652925,9296,0,ok
sort,100000,aleatorio,D1,a,2,1.646740,9324,0,ok
sort,100000,aleatorio,D1,a,3,1.679940,9336,0,ok
mergesort,100000,aleatorio,D1,a,1,2.308015,9692,390,ok
mergesort,100000,aleatorio,D1,a,2,2.284680,9720,390,ok
mergesort,100000,aleatorio,D1,a,3,2.284875,9732,390,ok
quicksort,100000,aleatorio,D1,a,1,1.095965,9300,0,ok
quicksort,100000,aleatorio,D1,a,2,1.107210,9324,0,ok
quicksort,100000,aleatorio,D1,a,3,1.086130,9340,0,ok
patiencesort,100000,aleatorio,D1,a,1,2.326060,9980,672,ok
patiencesort,100000,aleatorio,D1,a,2,2.285970,10008,672,ok
patiencesort,100000,aleatorio,D1,a,3,2.288160,10020,672,ok
sort,100000,aleatorio,D1,b,1,1.647275,9304,0,ok
sort,100000,aleatorio,D1,b,2,1.689175,9332,0,ok
sort,100000,aleatorio,D1,b,3,1.668815,9344,0,ok
mergesort,100000,aleatorio,D1,b,1,2.354940,9696,390,ok
mergesort,100000,aleatorio,D1,b,2,2.373225,9724,390,ok
mergesort,100000,aleatorio,D1,b,3,2.328555,9736,390,ok
quicksort,100000,aleatorio,D1,b,1,1.141760,9304,0,ok
quicksort,100000,aleatorio,D1,b,2,1.125205,9328,0,ok
quicksort,100000,aleatorio,D1,b,3,1.143070,9344,0,ok
patiencesort,100000,aleatorio,D1,b,1,2.463000,10108,672,ok
patiencesort,100000,aleatorio,D1,b,2,2.458020,10148,672,ok
patiencesort,100000,aleatorio,D1,b,3,2.380040,10228,672,ok
sort,100000,aleatorio,D1,c,1,1.612390,9324,0,ok
sort,100000,aleatorio,D1,c,2,1.614370,9352,0,ok
sort,100000,aleatorio,D1,c,3,1.611025,9364,0,ok
mergesort,100000,aleatorio,D1,c,1,2.221535,9748,390,ok
mergesort,100000,aleatorio,D1,c,2,2.194405,9776,390,ok
mergesort,100000,aleatorio,D1,c,3,2.205145,9788,390,ok
quicksort,100000,aleatorio,D1,c,1,1.067990,9300,0,ok
quicksort,100000,aleatorio,D1,c,2,1.085775,9328,0,ok
quicksort,100000,aleatorio,D1,c,3,1.065820,9340,0,ok
patiencesort,100000,aleatorio,D1,c,1,2.301745,10032,672,ok
patiencesort,100000,aleatorio,D1,c,2,2.399725,10208,672,ok
patiencesort,100000,aleatorio,D1,c,3,2.347745,10252,672,ok
sort,100000,aleatorio,D7,a,1,4.843595,10764,0,ok
sort,100000,aleatorio,D7,a,2,4.865210,10768,0,ok
sort,100000,aleatorio,D7,a,3,4.909110,10768,0,ok
mergesort,100000,aleatorio,D7,a,1,5.699050,11112,390,ok
mergesort,100000,aleatorio,D7,a,2,5.560135,11116,390,ok
mergesort,100000,aleatorio,D7,a,3,5.558880,11116,390,ok
quicksort,100000,aleatorio,D7,a,1,6.358790,10732,0,ok
quicksort,100000,aleatorio,D7,a,2,6.436430,10744,0,ok
quicksort,100000,aleatorio,D7,a,3,7.190980,10744,0,ok
patiencesort,100000,aleatorio,D7,a,1,10.691655,11176,547,ok
patiencesort,100000,aleatorio,D7,a,2,10.300280,11176,547,ok
patiencesort,100000,aleatorio,D7,a,3,9.707910,11180,547,ok
sort,100000,aleatorio,D7,b,1,5.322260,10732,0,ok
sort,100000,aleatorio,D7,b,2,5.243665,10736,0,ok
sort,100000,aleatorio,D7,b,3,5.051670,10736,0,ok
mergesort,100000,aleatorio,D7,b,1,5.621345,11120,390,ok
mergesort,100000,aleatorio,D7,b,2,5.620295,11124,390,ok
mergesort,100000,aleatorio,D7,b,3,5.427920,11124,390,ok
quicksort,100000,aleatorio,D7,b,1,6.205425,10736,0,ok
quicksort,100000,aleatorio,D7,b,2,6.303460,10740,0,ok
quicksort,100000,aleatorio,D7,b,3,6.375685,10740,0,ok
patiencesort,100000,aleatorio,D7,b,1,9.859480,11196,556,ok
patiencesort,100000,aleatorio,D7,b,2,9.960240,11244,556,ok
patiencesort,100000,aleatorio,D7,b,3,10.135625,11244,556,ok
sort,100000,aleatorio,D7,c,1,5.203190,10728,0,ok
sort,100000,aleatorio,D7,c,2,5.055755,10732,0,ok
sort,100000,aleatorio,D7,c,3,4.954440,10732,0,ok
mergesort,100000,aleatorio,D7,c,1,5.376400,11124,390,ok
mergesort,100000,aleatorio,D7,c,2,5.308215,11128,390,ok
mergesort,100000,aleatorio,D7,c,3,5.218975,11128,390,ok
quicksort,100000,aleatorio,D7,c,1,6.016345,10760,0,ok
quicksort,100000,aleatorio,D7,c,2,5.905085,10764,0,ok
quicksort,100000,aleatorio,D7,c,3,6.113535,10764,0,ok
patiencesort,100000,aleatorio,D7,c,1,9.277260,11128,556,ok
patiencesort,100000,aleatorio,D7,c,2,9.905435,11248,556,ok
patiencesort,100000,aleatorio,D7,c,3,9.953965,11260,556,ok
sort,100000,ascendente,D1,a,1,0.487705,9300,0,ok
sort,100000,ascendente,D1,a,2,0.484855,9328,0,ok
sort,100000,ascendente,D1,a,3,0.479240,9340,0,ok
mergesort,100000,ascendente,D1,a,1,0.100760,9696,390,ok
mergesort,100000,ascendente,D1,a,2,0.100590,9724,390,ok
mergesort,100000,ascendente,D1,a,3,0.086040,9736,390,ok
quicksort,100000,ascendente,D1,a,1,0.277315,9308,0,ok
quicksort,100000,ascendente,D1,a,2,0.285040,9332,0,ok
quicksort,100000,ascendente,D1,a,3,0.289235,9348,0,ok
patiencesort,100000,ascendente,D1,a,1,1.210415,9956,672,ok
patiencesort,100000,ascendente,D1,a,2,1.226245,9956,672,ok
patiencesort,100000,ascendente,D1,a,3,1.233315,9956,672,ok
sort,100000,ascendente,D1,b,1,0.505095,9300,0,ok
sort,100000,ascendente,D1,b,2,0.511490,9328,0,ok
sort,100000,ascendente,D1,b,3,0.519210,9340,0,ok
mergesort,100000,ascendente,D1,b,1,0.103825,9696,390,ok
mergesort,100000,ascendente,D1,b,2,0.088480,9724,390,ok
mergesort,100000,ascendente,D1,b,3,0.088870,9736,390,ok
quicksort,100000,ascendente,D1,b,1,0.292730,9300,0,ok
quicksort,100000,ascendente,D1,b,2,0.291980,9324,0,ok
quicksort,100000,ascendente,D1,b,3,0.317910,9340,0,ok
patiencesort,100000,ascendente,D1,b,1,1.257355,9956,672,ok
patiencesort,100000,ascendente,D1,b,2,1.257415,9956,672,ok
patiencesort,100000,ascendente,D1,b,3,1.207500,9956,672,ok
sort,100000,ascendente,D1,c,1,0.500090,9308,0,ok
sort,100000,ascendente,D1,c,2,0.502995,9332,0,ok
sort,100000,ascendente,D1,c,3,0.489985,9348,0,ok
mergesort,100000,ascendente,D1,c,1,0.093325,9728,390,ok
mergesort,100000,ascendente,D1,c,2,0.085400,9752,390,ok
mergesort,100000,ascendente,D1,c,3,0.084700,9764,390,ok
quicksort,100000,ascendente,D1,c,1,0.284580,9332,0,ok
quicksort,100000,ascendente,D1,c,2,0.286290,9356,0,ok
quicksort,100000,ascendente,D1,c,3,0.289920,9368,0,ok
patiencesort,100000,ascendente,D1,c,1,1.182630,9956,672,ok
patiencesort,100000,ascendente,D1,c,2,1.166815,9956,672,ok
patiencesort,100000,ascendente,D1,c,3,1.163575,9956,672,ok
sort,100000,ascendente,D7,a,1,0.600050,10728,0,ok
sort,100000,ascendente,D7,a,2,0.597455,10732,0,ok
sort,100000,ascendente,D7,a,3,0.596225,10732,0,ok
mergesort,100000,ascendente,D7,a,1,0.092720,11124,390,ok
mergesort,100000,ascendente,D7,a,2,0.087115,11128,390,ok
mergesort,100000,ascendente,D7,a,3,0.084775,11128,390,ok
quicksort,100000,ascendente,D7,a,1,3.703735,10728,0,ok
quicksort,100000,ascendente,D7,a,2,3.428060,10732,0,ok
quicksort,100000,ascendente,D7,a,3,3.461005,10732,0,ok
patiencesort,100000,ascendente,D7,a,1,13.966660,22360,7046,ok
patiencesort,100000,ascendente,D7,a,2,14.364380,22400,7046,ok
patiencesort,100000,ascendente,D7,a,3,15.362490,22512,7046,ok
sort,100000,ascendente,D7,b,1,0.802625,10756,0,ok
sort,100000,ascendente,D7,b,2,0.687700,10760,0,ok
sort,100000,ascendente,D7,b,3,0.741450,10760,0,ok
mergesort,100000,ascendente,D7,b,1,0.101520,11124,390,ok
mergesort,100000,ascendente,D7,b,2,0.095420,11128,390,ok
mergesort,100000,ascendente,D7,b,3,0.095320,11128,390,ok
quicksort,100000,ascendente,D7,b,1,3.831950,10724,0,ok
quicksort,100000,ascendente,D7,b,2,3.755915,10736,0,ok
quicksort,100000,ascendente,D7,b,3,3.545120,10736,0,ok
patiencesort,100000,ascendente,D7,b,1,13.823425,22356,7046,ok
patiencesort,100000,ascendente,D7,b,2,13.452105,22408,7046,ok
patiencesort,100000,ascendente,D7,b,3,12.888140,22512,7046,ok
sort,100000,ascendente,D7,c,1,0.583760,10764,0,ok
sort,100000,ascendente,D7,c,2,0.586850,10768,0,ok
sort,100000,ascendente,D7,c,3,0.586000,10768,0,ok
mergesort,100000,ascendente,D7,c,1,0.088330,11148,390,ok
mergesort,100000,ascendente,D7,c,2,0.085290,11152,390,ok
mergesort,100000,ascendente,D7,c,3,0.083065,11152,390,ok
quicksort,100000,ascendente,D7,c,1,3.476445,10724,0,ok
quicksort,100000,ascendente,D7,c,2,3.506520,10728,0,ok
quicksort,100000,ascendente,D7,c,3,3.424505,10728,0,ok
patiencesort,100000,ascendente,D7,c,1,13.086020,22004,7046,ok
patiencesort,100000,ascendente,D7,c,2,13.048615,22504,7046,ok
patiencesort,100000,ascendente,D7,c,3,13.046790,22552,7046,ok
sort,100000,descendente,D1,a,1,0.477940,9296,0,ok
sort,100000,descendente,D1,a,2,0.508825,9324,0,ok
sort,100000,descendente,D1,a,3,0.484470,9336,0,ok
mergesort,100000,descendente,D1,a,1,0.308010,9700,390,ok
mergesort,100000,descendente,D1,a,2,0.329585,9724,390,ok
mergesort,100000,descendente,D1,a,3,0.317690,9736,390,ok
quicksort,100000,descendente,D1,a,1,0.211055,9304,0,ok
quicksort,100000,descendente,D1,a,2,0.221560,9332,0,ok
quicksort,100000,descendente,D1,a,3,0.225360,9344,0,ok
patiencesort,100000,descendente,D1,a,1,0.351510,10444,768,ok
patiencesort,100000,descendente,D1,a,2,0.617885,10476,768,ok
patiencesort,100000,descendente,D1,a,3,0.627815,10624,768,ok
sort,100000,descendente,D1,b,1,0.497555,9300,0,ok
sort,100000,descendente,D1,b,2,0.508500,9324,0,ok
sort,100000,descendente,D1,b,3,0.515220,9336,0,ok
mergesort,100000,descendente,D1,b,1,0.318095,9692,390,ok
mergesort,100000,descendente,D1,b,2,0.310525,9720,390,ok
mergesort,100000,descendente,D1,b,3,0.313130,9732,390,ok
quicksort,100000,descendente,D1,b,1,0.224100,9336,0,ok
quicksort,100000,descendente,D1,b,2,0.235625,9364,0,ok
quicksort,100000,descendente,D1,b,3,0.239385,9376,0,ok
patiencesort,100000,descendente,D1,b,1,0.359250,10440,768,ok
patiencesort,100000,descendente,D1,b,2,0.626490,10472,768,ok
patiencesort,100000,descendente,D1,b,3,0.619700,10620,768,ok
sort,100000,descendente,D1,c,1,0.498030,9308,0,ok
sort,100000,descendente,D1,c,2,0.499390,9332,0,ok
sort,100000,descendente,D1,c,3,0.498935,9344,0,ok
mergesort,100000,descendente,D1,c,1,0.332500,9724,390,ok
mergesort,100000,descendente,D1,c,2,0.321330,9752,390,ok
mergesort,100000,descendente,D1,c,3,0.325415,9764,390,ok
quicksort,100000,descendente,D1,c,1,0.223925,9308,0,ok
quicksort,100000,descendente,D1,c,2,0.237185,9332,0,ok
quicksort,100000,descendente,D1,c,3,0.240080,9348,0,ok
patiencesort,100000,descendente,D1,c,1,0.358380,10444,768,ok
patiencesort,100000,descendente,D1,c,2,0.617085,10472,768,ok
patiencesort,100000,descendente,D1,c,3,0.635535,10624,768,ok
sort,100000,descendente,D7,a,1,0.451570,10728,0,ok
sort,100000,descendente,D7,a,2,0.447215,10732,0,ok
sort,100000,descendente,D7,a,3,0.425440,10732,0,ok
mergesort,100000,descendente,D7,a,1,1.009230,11124,390,ok
mergesort,100000,descendente,D7,a,2,1.027050,11128,390,ok
mergesort,100000,descendente,D7,a,3,1.078050,11128,390,ok
quicksort,100000,descendente,D7,a,1,3.457395,10756,0,ok
quicksort,100000,descendente,D7,a,2,3.418015,10760,0,ok
quicksort,100000,descendente,D7,a,3,3.378895,10760,0,ok
patiencesort,100000,descendente,D7,a,1,0.353240,12028,768,ok
patiencesort,100000,descendente,D7,a,2,0.588925,12028,768,ok
patiencesort,100000,descendente,D7,a,3,0.574080,12056,768,ok
sort,100000,descendente,D7,b,1,0.417420,10736,0,ok
sort,100000,descendente,D7,b,2,0.447580,10740,0,ok
sort,100000,descendente,D7,b,3,0.429955,10740,0,ok
mergesort,100000,descendente,D7,b,1,1.003115,11124,390,ok
mergesort,100000,descendente,D7,b,2,1.013670,11128,390,ok
mergesort,100000,descendente,D7,b,3,1.036120,11128,390,ok
quicksort,100000,descendente,D7,b,1,3.199330,10728,0,ok
quicksort,100000,descendente,D7,b,2,3.225260,10736,0,ok
quicksort,100000,descendente,D7,b,3,3.184415,10736,0,ok
patiencesort,100000,descendente,D7,b,1,0.376195,12020,768,ok
patiencesort,100000,descendente,D7,b,2,0.615225,12020,768,ok
patiencesort,100000,descendente,D7,b,3,0.612800,12052,768,ok
sort,100000,descendente,D7,c,1,0.419560,10732,0,ok
sort,100000,descendente,D7,c,2,0.422155,10744,0,ok
sort,100000,descendente,D7,c,3,0.418540,10744,0,ok
mergesort,100000,descendente,D7,c,1,1.033915,11128,390,ok
mergesort,100000,descendente,D7,c,2,1.060100,11132,390,ok
mergesort,100000,descendente,D7,c,3,1.038080,11132,390,ok
quicksort,100000,descendente,D7,c,1,3.299035,10760,0,ok
quicksort,100000,descendente,D7,c,2,3.227335,10772,0,ok
quicksort,100000,descendente,D7,c,3,3.197550,10772,0,ok
patiencesort,100000,descendente,D7,c,1,0.354390,12024,768,ok
patiencesort,100000,descendente,D7,c,2,0.601485,12024,768,ok
patiencesort,100000,descendente,D7,c,3,0.572710,12056,768,ok
sort,1000000,aleatorio,D1,a,1,15.822850,14668,0,ok
sort,1000000,aleatorio,D1,a,2,16.073600,14668,0,ok
sort,1000000,aleatorio,D1,a,3,15.611800,14668,0,ok
mergesort,1000000,aleatorio,D1,a,1,25.094050,18652,3906,ok
mergesort,1000000,aleatorio,D1,a,2,24.944550,18652,3906,ok
mergesort,1000000,aleatorio,D1,a,3,24.734500,18652,3906,ok
quicksort,1000000,aleatorio,D1,a,1,10.285900,14704,0,ok
quicksort,1000000,aleatorio,D1,a,2,10.892350,14704,0,ok
quicksort,1000000,aleatorio,D1,a,3,11.853650,14704,0,ok
patiencesort,1000000,aleatorio,D1,a,1,24.464700,19168,5376,ok
patiencesort,1000000,aleatorio,D1,a,2,24.441500,19956,5376,ok
patiencesort,1000000,aleatorio,D1,a,3,24.962950,19956,5376,ok
sort,1000000,aleatorio,D1,b,1,17.367250,14700,0,ok
sort,1000000,aleatorio,D1,b,2,17.246050,14700,0,ok
sort,1000000,aleatorio,D1,b,3,17.069350,14700,0,ok
mergesort,1000000,aleatorio,D1,b,1,24.878900,16676,3906,ok
mergesort,1000000,aleatorio,D1,b,2,25.299600,17164,3906,ok
mergesort,1000000,aleatorio,D1,b,3,24.835300,17164,3906,ok
quicksort,1000000,aleatorio,D1,b,1,10.078650,12708,0,ok
quicksort,1000000,aleatorio,D1,b,2,11.662350,13208,0,ok
quicksort,1000000,aleatorio,D1,b,3,10.630050,13208,0,ok
patiencesort,1000000,aleatorio,D1,b,1,22.081900,20212,5376,ok
patiencesort,1000000,aleatorio,D1,b,2,22.516300,20212,5376,ok
patiencesort,1000000,aleatorio,D1,b,3,21.962900,20212,5376,ok
sort,1000000,aleatorio,D1,c,1,16.779550,12752,0,ok
sort,1000000,aleatorio,D1,c,2,16.286100,13232,0,ok
sort,1000000,aleatorio,D1,c,3,16.280650,13268,0,ok
mergesort,1000000,aleatorio,D1,c,1,24.886300,16640,3906,ok
mergesort,1000000,aleatorio,D1,c,2,24.655100,17164,3906,ok
mergesort,1000000,aleatorio,D1,c,3,24.199000,17164,3906,ok
quicksort,1000000,aleatorio,D1,c,1,11.254250,14732,0,ok
quicksort,1000000,aleatorio,D1,c,2,10.334700,14732,0,ok
quicksort,1000000,aleatorio,D1,c,3,11.250300,14732,0,ok
patiencesort,1000000,aleatorio,D1,c,1,23.007250,19140,5376,ok
patiencesort,1000000,aleatorio,D1,c,2,22.289850,19664,5376,ok
patiencesort,1000000,aleatorio,D1,c,3,22.211800,19980,5376,ok
sort,1000000,aleatorio,D7,a,1,54.817850,33320,0,ok
sort,1000000,aleatorio,D7,a,2,56.667800,33320,0,ok
sort,1000000,aleatorio,D7,a,3,58.284450,33320,0,ok
mergesort,1000000,aleatorio,D7,a,1,71.142550,33276,3906,ok
mergesort,1000000,aleatorio,D7,a,2,71.502150,33276,3906,ok
mergesort,1000000,aleatorio,D7,a,3,70.557550,33276,3906,ok
quicksort,1000000,aleatorio,D7,a,1,76.648200,33324,0,ok
quicksort,1000000,aleatorio,D7,a,2,78.068200,33324,0,ok
quicksort,1000000,aleatorio,D7,a,3,77.956450,33324,0,ok
patiencesort,1000000,aleatorio,D7,a,1,125.767200,33780,5879,ok
patiencesort,1000000,aleatorio,D7,a,2,127.313850,33780,5879,ok
patiencesort,1000000,aleatorio,D7,a,3,126.493000,33780,5879,ok
sort,1000000,aleatorio,D7,b,1,67.550000,33296,0,ok
sort,1000000,aleatorio,D7,b,2,63.103400,33296,0,ok
sort,1000000,aleatorio,D7,b,3,62.831850,33296,0,ok
mergesort,1000000,aleatorio,D7,b,1,69.423250,33248,3906,ok
mergesort,1000000,aleatorio,D7,b,2,68.594650,33248,3906,ok
mergesort,1000000,aleatorio,D7,b,3,69.189500,33248,3906,ok
quicksort,1000000,aleatorio,D7,b,1,75.797050,33296,0,ok
quicksort,1000000,aleatorio,D7,b,2,76.205400,33296,0,ok
quicksort,1000000,aleatorio,D7,b,3,74.832150,33296,0,ok
patiencesort,1000000,aleatorio,D7,b,1,120.920750,33748,5940,ok
patiencesort,1000000,aleatorio,D7,b,2,121.048800,33748,5940,ok
patiencesort,1000000,aleatorio,D7,b,3,121.417850,33748,5940,ok
sort,1000000,aleatorio,D7,c,1,63.148300,33776,0,ok
sort,1000000,aleatorio,D7,c,2,60.400200,33776,0,ok
sort,1000000,aleatorio,D7,c,3,59.725400,33776,0,ok
mergesort,1000000,aleatorio,D7,c,1,70.624150,33772,3906,ok
mergesort,1000000,aleatorio,D7,c,2,70.188550,33772,3906,ok
mergesort,1000000,aleatorio,D7,c,3,69.074600,33772,3906,ok
quicksort,1000000,aleatorio,D7,c,1,74.917450,33232,0,ok
quicksort,1000000,aleatorio,D7,c,2,74.887200,33232,0,ok
quicksort,1000000,aleatorio,D7,c,3,75.632650,33232,0,ok
patiencesort,1000000,aleatorio,D7,c,1,116.809000,33760,5914,ok
patiencesort,1000000,aleatorio,D7,c,2,117.865750,33760,5914,ok
patiencesort,1000000,aleatorio,D7,c,3,121.365200,33760,5914,ok
sort,1000000,ascendente,D1,a,1,5.631350,14708,0,ok
sort,1000000,ascendente,D1,a,2,6.043400,14708,0,ok
sort,1000000,ascendente,D1,a,3,5.926550,14708,0,ok
mergesort,1000000,ascendente,D1,a,1,1.864500,16632,3906,ok
mergesort,1000000,ascendente,D1,a,2,1.881100,17156,3906,ok
mergesort,1000000,ascendente,D1,a,3,1.905250,17156,3906,ok
quicksort,1000000,ascendente,D1,a,1,2.765700,12748,0,ok
quicksort,1000000,ascendente,D1,a,2,2.916000,13208,0,ok
quicksort,1000000,ascendente,D1,a,3,2.307350,13220,0,ok
patiencesort,1000000,ascendente,D1,a,1,11.324700,19064,5376,ok
patiencesort,1000000,ascendente,D1,a,2,11.373200,19064,5376,ok
patiencesort,1000000,ascendente,D1,a,3,11.711600,19064,5376,ok
sort,1000000,ascendente,D1,b,1,5.959350,14672,0,ok
sort,1000000,ascendente,D1,b,2,6.186550,14672,0,ok
sort,1000000,ascendente,D1,b,3,6.233550,14672,0,ok
mergesort,1000000,ascendente,D1,b,1,2.064600,16668,3906,ok
mergesort,1000000,ascendente,D1,b,2,2.033850,17160,3906,ok
mergesort,1000000,ascendente,D1,b,3,2.068350,17160,3906,ok
quicksort,1000000,ascendente,D1,b,1,2.959100,12728,0,ok
quicksort,1000000,ascendente,D1,b,2,3.223700,13200,0,ok
quicksort,1000000,ascendente,D1,b,3,2.468250,13216,0,ok
patiencesort,1000000,ascendente,D1,b,1,11.802300,19072,5376,ok
patiencesort,1000000,ascendente,D1,b,2,11.913800,19072,5376,ok
patiencesort,1000000,ascendente,D1,b,3,11.968300,19072,5376,ok
sort,1000000,ascendente,D1,c,1,5.856900,12792,0,ok
sort,1000000,ascendente,D1,c,2,5.904850,13288,0,ok
sort,1000000,ascendente,D1,c,3,5.844000,13288,0,ok
mergesort,1000000,ascendente,D1,c,1,2.112850,18648,3906,ok
mergesort,1000000,ascendente,D1,c,2,2.072700,18648,3906,ok
mergesort,1000000,ascendente,D1,c,3,2.036450,18648,3906,ok
quicksort,1000000,ascendente,D1,c,1,2.962850,12740,0,ok
quicksort,1000000,ascendente,D1,c,2,3.294900,13244,0,ok
quicksort,1000000,ascendente,D1,c,3,2.380250,13244,0,ok
patiencesort,1000000,ascendente,D1,c,1,11.954150,19076,5376,ok
patiencesort,1000000,ascendente,D1,c,2,11.836250,19076,5376,ok
patiencesort,1000000,ascendente,D1,c,3,11.962800,19076,5376,ok
sort,1000000,ascendente,D7,a,1,7.519200,33748,0,ok
sort,1000000,ascendente,D7,a,2,8.397350,33748,0,ok
sort,1000000,ascendente,D7,a,3,7.607200,33748,0,ok
mergesort,1000000,ascendente,D7,a,1,2.193150,33296,3906,ok
mergesort,1000000,ascendente,D7,a,2,2.163800,33296,3906,ok
mergesort,1000000,ascendente,D7,a,3,2.193850,33296,3906,ok
quicksort,1000000,ascendente,D7,a,1,44.194550,33280,0,ok
quicksort,1000000,ascendente,D7,a,2,43.694050,33280,0,ok
quicksort,1000000,ascendente,D7,a,3,43.355100,33280,0,ok
patiencesort,1000000,ascendente,D7,a,1,164.376000,110972,57160,ok
patiencesort,1000000,ascendente,D7,a,2,165.009450,111080,57160,ok
patiencesort,1000000,ascendente,D7,a,3,172.027150,111248,57160,ok
sort,1000000,ascendente,D7,b,1,8.198700,33776,0,ok
sort,1000000,ascendente,D7,b,2,7.956450,33776,0,ok
sort,1000000,ascendente,D7,b,3,7.736050,33776,0,ok
mergesort,1000000,ascendente,D7,b,1,2.242100,33284,3906,ok
mergesort,1000000,ascendente,D7,b,2,2.182450,33284,3906,ok
mergesort,1000000,ascendente,D7,b,3,2.229350,33284,3906,ok
quicksort,1000000,ascendente,D7,b,1,44.921150,33272,0,ok
quicksort,1000000,ascendente,D7,b,2,45.030350,33272,0,ok
quicksort,1000000,ascendente,D7,b,3,44.531200,33272,0,ok
patiencesort,1000000,ascendente,D7,b,1,163.533200,111152,57160,ok
patiencesort,1000000,ascendente,D7,b,2,160.140800,111156,57160,ok
patiencesort,1000000,ascendente,D7,b,3,165.079350,111400,57160,ok
sort,1000000,ascendente,D7,c,1,7.346100,33772,0,ok
sort,1000000,ascendente,D7,c,2,7.413450,33772,0,ok
sort,1000000,ascendente,D7,c,3,7.058900,33772,0,ok
mergesort,1000000,ascendente,D7,c,1,1.951350,33264,3906,ok
mergesort,1000000,ascendente,D7,c,2,1.943600,33264,3906,ok
mergesort,1000000,ascendente,D7,c,3,1.970000,33264,3906,ok
quicksort,1000000,ascendente,D7,c,1,39.508950,33776,0,ok
quicksort,1000000,ascendente,D7,c,2,38.111250,33776,0,ok
quicksort,1000000,ascendente,D7,c,3,37.748100,33776,0,ok
patiencesort,1000000,ascendente,D7,c,1,138.940750,110952,57160,ok
patiencesort,1000000,ascendente,D7,c,2,137.980550,110976,57160,ok
patiencesort,1000000,ascendente,D7,c,3,138.759650,111236,57160,ok
sort,1000000,descendente,D1,a,1,5.831150,12740,0,ok
sort,1000000,descendente,D1,a,2,5.662950,13212,0,ok
sort,1000000,descendente,D1,a,3,5.658400,13212,0,ok
mergesort,1000000,descendente,D1,a,1,4.767800,16664,3906,ok
mergesort,1000000,descendente,D1,a,2,4.648700,17172,3906,ok
mergesort,1000000,descendente,D1,a,3,4.497100,17172,3906,ok
quicksort,1000000,descendente,D1,a,1,2.081000,12760,0,ok
quicksort,1000000,descendente,D1,a,2,2.378400,13244,0,ok
quicksort,1000000,descendente,D1,a,3,1.826850,13244,0,ok
patiencesort,1000000,descendente,D1,a,1,4.811900,20868,6144,ok
patiencesort,1000000,descendente,D1,a,2,4.814200,20868,6144,ok
patiencesort,1000000,descendente,D1,a,3,4.885150,20868,6144,ok
sort,1000000,descendente,D1,b,1,5.517500,12700,0,ok
sort,1000000,descendente,D1,b,2,5.469650,13240,0,ok
sort,1000000,descendente,D1,b,3,5.549900,13240,0,ok
mergesort,1000000,descendente,D1,b,1,4.531150,16668,3906,ok
mergesort,1000000,descendente,D1,b,2,4.583600,17128,3906,ok
mergesort,1000000,descendente,D1,b,3,4.707050,17128,3906,ok
quicksort,1000000,descendente,D1,b,1,2.077250,14736,0,ok
quicksort,1000000,descendente,D1,b,2,2.748600,14736,0,ok
quicksort,1000000,descendente,D1,b,3,1.903500,14736,0,ok
patiencesort,1000000,descendente,D1,b,1,5.093950,20864,6144,ok
patiencesort,1000000,descendente,D1,b,2,5.192500,20864,6144,ok
patiencesort,1000000,descendente,D1,b,3,5.886250,20864,6144,ok
sort,1000000,descendente,D1,c,1,6.024550,12744,0,ok
sort,1000000,descendente,D1,c,2,6.030300,13220,0,ok
sort,1000000,descendente,D1,c,3,5.968900,13224,0,ok
mergesort,1000000,descendente,D1,c,1,4.905600,16668,3906,ok
mergesort,1000000,descendente,D1,c,2,4.867900,17168,3906,ok
mergesort,1000000,descendente,D1,c,3,4.719050,17172,3906,ok
quicksort,1000000,descendente,D1,c,1,2.225400,12712,0,ok
quicksort,1000000,descendente,D1,c,2,2.754400,13200,0,ok
quicksort,1000000,descendente,D1,c,3,1.990200,13228,0,ok
patiencesort,1000000,descendente,D1,c,1,5.167300,20840,6144,ok
patiencesort,1000000,descendente,D1,c,2,5.144450,20840,6144,ok
patiencesort,1000000,descendente,D1,c,3,5.160900,20840,6144,ok
sort,1000000,descendente,D7,a,1,5.333900,33292,0,ok
sort,1000000,descendente,D7,a,2,5.425200,33292,0,ok
sort,1000000,descendente,D7,a,3,5.323250,33292,0,ok
mergesort,1000000,descendente,D7,a,1,14.556150,33260,3906,ok
mergesort,1000000,descendente,D7,a,2,15.054250,33260,3906,ok
mergesort,1000000,descendente,D7,a,3,15.949400,33260,3906,ok
quicksort,1000000,descendente,D7,a,1,43.314700,33268,0,ok
quicksort,1000000,descendente,D7,a,2,41.570650,33268,0,ok
quicksort,1000000,descendente,D7,a,3,42.428400,33268,0,ok
patiencesort,1000000,descendente,D7,a,1,5.647000,33260,6144,ok
patiencesort,1000000,descendente,D7,a,2,5.581550,33260,6144,ok
patiencesort,1000000,descendente,D7,a,3,5.748900,33260,6144,ok
sort,1000000,descendente,D7,b,1,5.681700,33272,0,ok
sort,1000000,descendente,D7,b,2,5.724450,33272,0,ok
sort,1000000,descendente,D7,b,3,5.733750,33272,0,ok
mergesort,1000000,descendente,D7,b,1,16.140600,33292,3906,ok
mergesort,1000000,descendente,D7,b,2,15.590300,33292,3906,ok
mergesort,1000000,descendente,D7,b,3,15.757700,33292,3906,ok
quicksort,1000000,descendente,D7,b,1,42.905700,33256,0,ok
quicksort,1000000,descendente,D7,b,2,41.250300,33256,0,ok
quicksort,1000000,descendente,D7,b,3,40.866450,33256,0,ok
patiencesort,1000000,descendente,D7,b,1,5.472100,33296,6144,ok
patiencesort,1000000,descendente,D7,b,2,5.266650,33296,6144,ok
patiencesort,1000000,descendente,D7,b,3,5.281200,33296,6144,ok
sort,1000000,descendente,D7,c,1,5.594100,33264,0,ok
sort,1000000,descendente,D7,c,2,5.454500,33264,0,ok
sort,1000000,descendente,D7,c,3,5.299100,33264,0,ok
mergesort,1000000,descendente,D7,c,1,14.719850,33272,3906,ok
mergesort,1000000,descendente,D7,c,2,14.706500,33272,3906,ok
mergesort,1000000,descendente,D7,c,3,14.802100,33272,3906,ok
quicksort,1000000,descendente,D7,c,1,40.956000,33308,0,ok
quicksort,1000000,descendente,D7,c,2,43.141550,33308,0,ok
quicksort,1000000,descendente,D7,c,3,41.451100,33308,0,ok
patiencesort,1000000,descendente,D7,c,1,5.559800,33272,6144,ok
patiencesort,1000000,descendente,D7,c,2,5.535700,33272,6144,ok
patiencesort,1000000,descendente,D7,c,3,5.623250,33272,6144,ok
sort,10000000,aleatorio,D1,a,1,205.330600,81232,0,ok
sort,10000000,aleatorio,D1,a,2,190.869900,81232,0,ok
sort,10000000,aleatorio,D1,a,3,180.665600,81232,0,ok
mergesort,10000000,aleatorio,D1,a,1,318.011000,118440,39062,ok
mergesort,10000000,aleatorio,D1,a,2,293.845400,118896,39062,ok
mergesort,10000000,aleatorio,D1,a,3,303.299800,118916,39062,ok
quicksort,10000000,aleatorio,D1,a,1,113.686600,79360,0,ok
quicksort,10000000,aleatorio,D1,a,2,119.908100,79820,0,ok
quicksort,10000000,aleatorio,D1,a,3,115.875600,79820,0,ok
patiencesort,10000000,aleatorio,D1,a,1,252.198200,124192,43008,ok
patiencesort,10000000,aleatorio,D1,a,2,268.694500,124192,43008,ok
patiencesort,10000000,aleatorio,D1,a,3,275.166400,124192,43008,ok
sort,10000000,aleatorio,D1,b,1,208.467800,81236,0,ok
sort,10000000,aleatorio,D1,b,2,197.823500,81236,0,ok
sort,10000000,aleatorio,D1,b,3,191.523700,81236,0,ok
mergesort,10000000,aleatorio,D1,b,1,336.862100,118380,39062,ok
mergesort,10000000,aleatorio,D1,b,2,320.261300,118904,39062,ok
mergesort,10000000,aleatorio,D1,b,3,311.075300,118908,39062,ok
quicksort,10000000,aleatorio,D1,b,1,128.650500,79260,0,ok
quicksort,10000000,aleatorio,D1,b,2,117.924500,79772,0,ok
quicksort,10000000,aleatorio,D1,b,3,115.625400,79772,0,ok
patiencesort,10000000,aleatorio,D1,b,1,243.390200,124968,43008,ok
patiencesort,10000000,aleatorio,D1,b,2,252.757000,124968,43008,ok
patiencesort,10000000,aleatorio,D1,b,3,260.756500,124968,43008,ok
sort,10000000,aleatorio,D1,c,1,231.849300,79312,0,ok
sort,10000000,aleatorio,D1,c,2,232.222400,79792,0,ok
sort,10000000,aleatorio,D1,c,3,211.985500,79796,0,ok
mergesort,10000000,aleatorio,D1,c,1,300.440300,120404,39062,ok
mergesort,10000000,aleatorio,D1,c,2,290.557300,120404,39062,ok
mergesort,10000000,aleatorio,D1,c,3,284.619800,120404,39062,ok
quicksort,10000000,aleatorio,D1,c,1,121.391900,81232,0,ok
quicksort,10000000,aleatorio,D1,c,2,104.654600,81232,0,ok
quicksort,10000000,aleatorio,D1,c,3,108.381000,81232,0,ok
patiencesort,10000000,aleatorio,D1,c,1,222.363400,122424,43008,ok
patiencesort,10000000,aleatorio,D1,c,2,237.030800,123472,43008,ok
patiencesort,10000000,aleatorio,D1,c,3,229.325800,123472,43008,ok
sort,10000000,aleatorio,D7,a,1,667.529900,280464,0,ok
sort,10000000,aleatorio,D7,a,2,685.448500,280464,0,ok
sort,10000000,aleatorio,D7,a,3,739.223700,280464,0,ok
mergesort,10000000,aleatorio,D7,a,1,806.650900,280456,39062,ok
mergesort,10000000,aleatorio,D7,a,2,861.762100,280456,39062,ok
mergesort,10000000,aleatorio,D7,a,3,831.287900,280456,39062,ok
quicksort,10000000,aleatorio,D7,a,1,798.065700,279936,0,ok
quicksort,10000000,aleatorio,D7,a,2,979.339100,279936,0,ok
quicksort,10000000,aleatorio,D7,a,3,1096.595900,279936,0,ok
patiencesort,10000000,aleatorio,D7,a,1,1493.418400,280412,61351,ok
patiencesort,10000000,aleatorio,D7,a,2,1520.570100,280412,61351,ok
patiencesort,10000000,aleatorio,D7,a,3,1769.444800,280412,61351,ok
sort,10000000,aleatorio,D7,b,1,754.214600,280456,0,ok
sort,10000000,aleatorio,D7,b,2,728.104000,280456,0,ok
sort,10000000,aleatorio,D7,b,3,721.384200,280456,0,ok
mergesort,10000000,aleatorio,D7,b,1,805.414000,279968,39062,ok
mergesort,10000000,aleatorio,D7,b,2,859.406300,279968,39062,ok
mergesort,10000000,aleatorio,D7,b,3,848.804900,279968,39062,ok
quicksort,10000000,aleatorio,D7,b,1,833.183200,279916,0,ok
quicksort,10000000,aleatorio,D7,b,2,885.430200,279916,0,ok
quicksort,10000000,aleatorio,D7,b,3,869.186400,279916,0,ok
patiencesort,10000000,aleatorio,D7,b,1,1414.657000,280460,61605,ok
patiencesort,10000000,aleatorio,D7,b,2,1363.927500,280460,61605,ok
patiencesort,10000000,aleatorio,D7,b,3,1361.333700,280460,61605,ok
sort,10000000,aleatorio,D7,c,1,714.746600,280000,0,ok
sort,10000000,aleatorio,D7,c,2,746.124200,280000,0,ok
sort,10000000,aleatorio,D7,c,3,693.431400,280000,0,ok
mergesort,10000000,aleatorio,D7,c,1,833.092000,279956,39062,ok
mergesort,10000000,aleatorio,D7,c,2,790.748000,279956,39062,ok
mergesort,10000000,aleatorio,D7,c,3,786.292400,279956,39062,ok
quicksort,10000000,aleatorio,D7,c,1,814.462700,279936,0,ok
quicksort,10000000,aleatorio,D7,c,2,880.956300,279936,0,ok
quicksort,10000000,aleatorio,D7,c,3,881.945600,279936,0,ok
patiencesort,10000000,aleatorio,D7,c,1,1370.561500,280428,61572,ok
patiencesort,10000000,aleatorio,D7,c,2,1374.540100,280428,61572,ok
patiencesort,10000000,aleatorio,D7,c,3,1414.376800,280428,61572,ok
sort,10000000,ascendente,D1,a,1,63.046500,79296,0,ok
sort,10000000,ascendente,D1,a,2,63.682900,79764,0,ok
sort,10000000,ascendente,D1,a,3,66.188900,79764,0,ok
mergesort,10000000,ascendente,D1,a,1,18.001900,118436,39062,ok
mergesort,10000000,ascendente,D1,a,2,18.643400,118892,39062,ok
mergesort,10000000,ascendente,D1,a,3,18.087900,118892,39062,ok
quicksort,10000000,ascendente,D1,a,1,27.554900,79304,0,ok
quicksort,10000000,ascendente,D1,a,2,32.289900,79772,0,ok
quicksort,10000000,ascendente,D1,a,3,37.387700,79788,0,ok
patiencesort,10000000,ascendente,D1,a,1,110.302900,123884,43008,ok
patiencesort,10000000,ascendente,D1,a,2,112.643900,124360,43008,ok
patiencesort,10000000,ascendente,D1,a,3,116.398500,124360,43008,ok
sort,10000000,ascendente,D1,b,1,75.107600,81264,0,ok
sort,10000000,ascendente,D1,b,2,74.918000,81264,0,ok
sort,10000000,ascendente,D1,b,3,72.801600,81264,0,ok
mergesort,10000000,ascendente,D1,b,1,19.132100,118440,39062,ok
mergesort,10000000,ascendente,D1,b,2,18.668500,118872,39062,ok
mergesort,10000000,ascendente,D1,b,3,19.018400,118872,39062,ok
quicksort,10000000,ascendente,D1,b,1,28.252600,79292,0,ok
quicksort,10000000,ascendente,D1,b,2,34.842500,79776,0,ok
quicksort,10000000,ascendente,D1,b,3,39.496700,79776,0,ok
patiencesort,10000000,ascendente,D1,b,1,116.177300,124384,43008,ok
patiencesort,10000000,ascendente,D1,b,2,114.684500,124384,43008,ok
patiencesort,10000000,ascendente,D1,b,3,111.300600,124384,43008,ok
sort,10000000,ascendente,D1,c,1,67.915300,81256,0,ok
sort,10000000,ascendente,D1,c,2,68.959100,81256,0,ok
sort,10000000,ascendente,D1,c,3,68.140200,81256,0,ok
mergesort,10000000,ascendente,D1,c,1,19.227600,118428,39062,ok
mergesort,10000000,ascendente,D1,c,2,18.427900,118872,39062,ok
mergesort,10000000,ascendente,D1,c,3,18.495300,118872,39062,ok
quicksort,10000000,ascendente,D1,c,1,27.847700,79292,0,ok
quicksort,10000000,ascendente,D1,c,2,32.932400,79736,0,ok
quicksort,10000000,ascendente,D1,c,3,37.867200,79736,0,ok
patiencesort,10000000,ascendente,D1,c,1,111.035500,123904,43008,ok
patiencesort,10000000,ascendente,D1,c,2,110.511700,124360,43008,ok
patiencesort,10000000,ascendente,D1,c,3,112.365400,124372,43008,ok
sort,10000000,ascendente,D7,a,1,99.425500,279908,0,ok
sort,10000000,ascendente,D7,a,2,98.811300,279908,0,ok
sort,10000000,ascendente,D7,a,3,100.068600,279908,0,ok
mergesort,10000000,ascendente,D7,a,1,19.315500,280440,39062,ok
mergesort,10000000,ascendente,D7,a,2,19.408400,280440,39062,ok
mergesort,10000000,ascendente,D7,a,3,18.866000,280440,39062,ok
quicksort,10000000,ascendente,D7,a,1,395.436900,279984,0,ok
quicksort,10000000,ascendente,D7,a,2,390.801500,279984,0,ok
quicksort,10000000,ascendente,D7,a,3,393.019400,279984,0,ok
patiencesort,10000000,ascendente,D7,a,1,1615.448900,851780,467838,ok
patiencesort,10000000,ascendente,D7,a,2,1590.688900,852280,467838,ok
patiencesort,10000000,ascendente,D7,a,3,1600.022000,852872,467838,ok
sort,10000000,ascendente,D7,b,1,104.244800,279964,0,ok
sort,10000000,ascendente,D7,b,2,99.922900,279964,0,ok
sort,10000000,ascendente,D7,b,3,97.505400,279964,0,ok
mergesort,10000000,ascendente,D7,b,1,18.308000,279932,39062,ok
mergesort,10000000,ascendente,D7,b,2,17.740900,279932,39062,ok
mergesort,10000000,ascendente,D7,b,3,17.731800,279932,39062,ok
quicksort,10000000,ascendente,D7,b,1,368.009600,280456,0,ok
quicksort,10000000,ascendente,D7,b,2,377.027000,280456,0,ok
quicksort,10000000,ascendente,D7,b,3,393.077200,280456,0,ok
patiencesort,10000000,ascendente,D7,b,1,1901.779200,852744,467837,ok
patiencesort,10000000,ascendente,D7,b,2,2112.504500,853136,467837,ok
patiencesort,10000000,ascendente,D7,b,3,1719.707800,853672,467837,ok
sort,10000000,ascendente,D7,c,1,105.609800,279988,0,ok
sort,10000000,ascendente,D7,c,2,105.703800,279988,0,ok
sort,10000000,ascendente,D7,c,3,106.245100,279988,0,ok
mergesort,10000000,ascendente,D7,c,1,19.760900,279928,39062,ok
mergesort,10000000,ascendente,D7,c,2,19.490400,279928,39062,ok
mergesort,10000000,ascendente,D7,c,3,19.356400,279928,39062,ok
quicksort,10000000,ascendente,D7,c,1,387.185200,279984,0,ok
quicksort,10000000,ascendente,D7,c,2,390.704600,279984,0,ok
quicksort,10000000,ascendente,D7,c,3,413.718000,279984,0,ok
patiencesort,10000000,ascendente,D7,c,1,1546.143400,851436,467841,ok
patiencesort,10000000,ascendente,D7,c,2,1576.359300,851820,467841,ok
patiencesort,10000000,ascendente,D7,c,3,1577.059100,852296,467841,ok
sort,10000000,descendente,D1,a,1,80.808500,79280,0,ok
sort,10000000,descendente,D1,a,2,81.595500,79744,0,ok
sort,10000000,descendente,D1,a,3,77.956200,79744,0,ok
mergesort,10000000,descendente,D1,a,1,55.954900,118416,39062,ok
mergesort,10000000,descendente,D1,a,2,53.993400,118932,39062,ok
mergesort,10000000,descendente,D1,a,3,55.339300,118932,39062,ok
quicksort,10000000,descendente,D1,a,1,23.779500,81260,0,ok
quicksort,10000000,descendente,D1,a,2,25.360800,81260,0,ok
quicksort,10000000,descendente,D1,a,3,24.825900,81260,0,ok
patiencesort,10000000,descendente,D1,a,1,59.608700,179740,98304,ok
patiencesort,10000000,descendente,D1,a,2,60.484200,179740,98304,ok
patiencesort,10000000,descendente,D1,a,3,59.896700,179740,98304,ok
sort,10000000,descendente,D1,b,1,75.954100,79300,0,ok
sort,10000000,descendente,D1,b,2,74.336900,79732,0,ok
sort,10000000,descendente,D1,b,3,75.256000,79768,0,ok
mergesort,10000000,descendente,D1,b,1,55.078100,118420,39062,ok
mergesort,10000000,descendente,D1,b,2,55.372000,118892,39062,ok
mergesort,10000000,descendente,D1,b,3,58.240800,118904,39062,ok
quicksort,10000000,descendente,D1,b,1,33.894400,79292,0,ok
quicksort,10000000,descendente,D1,b,2,38.192900,79764,0,ok
quicksort,10000000,descendente,D1,b,3,32.776300,79764,0,ok
patiencesort,10000000,descendente,D1,b,1,61.270200,179296,98304,ok
patiencesort,10000000,descendente,D1,b,2,61.858900,179740,98304,ok
patiencesort,10000000,descendente,D1,b,3,61.511400,179776,98304,ok
sort,10000000,descendente,D1,c,1,76.464400,81244,0,ok
sort,10000000,descendente,D1,c,2,73.966300,81244,0,ok
sort,10000000,descendente,D1,c,3,75.082500,81244,0,ok
mergesort,10000000,descendente,D1,c,1,54.247900,118432,39062,ok
mergesort,10000000,descendente,D1,c,2,53.270400,118900,39062,ok
mergesort,10000000,descendente,D1,c,3,54.300700,118900,39062,ok
quicksort,10000000,descendente,D1,c,1,23.113300,79284,0,ok
quicksort,10000000,descendente,D1,c,2,25.349800,79792,0,ok
quicksort,10000000,descendente,D1,c,3,30.121900,79792,0,ok
patiencesort,10000000,descendente,D1,c,1,59.171200,179744,98304,ok
patiencesort,10000000,descendente,D1,c,2,60.042100,179744,98304,ok
patiencesort,10000000,descendente,D1,c,3,59.969300,179744,98304,ok
sort,10000000,descendente,D7,a,1,94.825500,279960,0,ok
sort,10000000,descendente,D7,a,2,92.043500,279960,0,ok
sort,10000000,descendente,D7,a,3,94.363700,279960,0,ok
mergesort,10000000,descendente,D7,a,1,170.008000,280456,39062,ok
mergesort,10000000,descendente,D7,a,2,169.802900,280456,39062,ok
mergesort,10000000,descendente,D7,a,3,169.746100,280456,39062,ok
quicksort,10000000,descendente,D7,a,1,375.686900,280448,0,ok
quicksort,10000000,descendente,D7,a,2,387.392500,280448,0,ok
quicksort,10000000,descendente,D7,a,3,382.768300,280448,0,ok
patiencesort,10000000,descendente,D7,a,1,52.377100,294996,98304,ok
patiencesort,10000000,descendente,D7,a,2,51.970000,294996,98304,ok
patiencesort,10000000,descendente,D7,a,3,51.538300,294996,98304,ok
sort,10000000,descendente,D7,b,1,93.739000,280456,0,ok
sort,10000000,descendente,D7,b,2,95.153100,280456,0,ok
sort,10000000,descendente,D7,b,3,97.404400,280456,0,ok
mergesort,10000000,descendente,D7,b,1,193.939400,279980,39062,ok
mergesort,10000000,descendente,D7,b,2,174.328600,279980,39062,ok
mergesort,10000000,descendente,D7,b,3,173.469300,279980,39062,ok
quicksort,10000000,descendente,D7,b,1,373.771400,279932,0,ok
quicksort,10000000,descendente,D7,b,2,375.696300,279932,0,ok
quicksort,10000000,descendente,D7,b,3,410.944500,279932,0,ok
patiencesort,10000000,descendente,D7,b,1,52.356900,294540,98304,ok
patiencesort,10000000,descendente,D7,b,2,54.191300,294980,98304,ok
patiencesort,10000000,descendente,D7,b,3,55.170100,295000,98304,ok
sort,10000000,descendente,D7,c,1,93.561800,279952,0,ok
sort,10000000,descendente,D7,c,2,96.993700,279952,0,ok
sort,10000000,descendente,D7,c,3,97.448500,279952,0,ok
mergesort,10000000,descendente,D7,c,1,186.988900,279928,39062,ok
mergesort,10000000,descendente,D7,c,2,180.306500,279928,39062,ok
mergesort,10000000,descendente,D7,c,3,182.772700,279928,39062,ok
quicksort,10000000,descendente,D7,c,1,404.244400,279948,0,ok
quicksort,10000000,descendente,D7,c,2,409.058600,279948,0,ok
quicksort,10000000,descendente,D7,c,3,418.058900,279948,0,ok
patiencesort,10000000,descendente,D7,c,1,77.851400,294512,98304,ok
patiencesort,10000000,descendente,D7,c,2,72.992900,295024,98304,ok
patiencesort,10000000,descendente,D7,c,3,72.018300,295024,98304,ok
